tr_val,total_ro,std_ro
0,1.85434940,0.03340046
0.1,1.3997652,0.02764050681
0.2,1.3662520,0.055566324
0.3,1.2751898,0.03247930
0.4,1.2779518,0.047221667
