tr_val,total_ro,std
0,0.84943734,0.077079
0.1,0.70709676,0.02758690
0.2,0.707911320,0.0537370
0.3,0.74120638,0.0336548443
0.4,0.75310860,0.05815036669
