tr_val,total_r0,std
0,1.08192159,0.13099055044
0.1,0.9309257,0.0671619342371
0.2,0.903950415,0.0812681405913
